{"commitInfo":{"timestamp":1718053136998,"operation":"WRITE","operationParameters":{"mode":"Overwrite","partitionBy":"[]"},"readVersion":3,"isolationLevel":"Serializable","isBlindAppend":false,"operationMetrics":{"numFiles":"1","numOutputRows":"3","numOutputBytes":"1254"},"engineInfo":"Apache-Spark/3.5.1 Delta-Lake/3.2.0","txnId":"0196b4ec-cc54-4bd0-9770-93f6fe726f48"}}
{"metaData":{"id":"af225231-fa98-4e25-a720-b8a4f37357fd","format":{"provider":"parquet","options":{}},"schemaString":"{\"type\":\"struct\",\"fields\":[{\"name\":\"metric\",\"type\":\"string\",\"nullable\":true,\"metadata\":{}},{\"name\":\"timestamp\",\"type\":\"string\",\"nullable\":true,\"metadata\":{}},{\"name\":\"value\",\"type\":\"string\",\"nullable\":true,\"metadata\":{}},{\"name\":\"values\",\"type\":\"string\",\"nullable\":true,\"metadata\":{}}]}","partitionColumns":[],"configuration":{},"createdTime":1718049697241}}
{"add":{"path":"part-00000-507ca593-0e9b-49c3-936f-db1ce657c216-c000.snappy.parquet","partitionValues":{},"size":1254,"modificationTime":1718053135599,"dataChange":true,"stats":"{\"numRecords\":3,\"minValues\":{\"metric\":\"in_progress_requests\",\"timestamp\":\"2024-06-10 21:58:31\",\"values\":\"1\"},\"maxValues\":{\"metric\":\"request_processing_seconds_sum\",\"timestamp\":\"2024-06-10 21:58:31\",\"values\":\"2159\"},\"nullCount\":{\"metric\":0,\"timestamp\":0,\"value\":3,\"values\":0}}"}}
{"remove":{"path":"part-00000-6ac4fe29-5c0b-4cd9-b996-560cfb53c2b7-c000.snappy.parquet","deletionTimestamp":1718053136943,"dataChange":true,"extendedFileMetadata":true,"partitionValues":{},"size":1251}}
