{"commitInfo":{"timestamp":1718053531982,"operation":"WRITE","operationParameters":{"mode":"Overwrite","partitionBy":"[]"},"readVersion":10,"isolationLevel":"Serializable","isBlindAppend":false,"operationMetrics":{"numFiles":"1","numOutputRows":"3","numOutputBytes":"1254"},"engineInfo":"Apache-Spark/3.5.1 Delta-Lake/3.2.0","txnId":"7c48714c-1296-4506-901e-4d21ab70bf57"}}
{"add":{"path":"part-00000-7203147b-a3b7-4b60-b00c-9d8330d4ba75-c000.snappy.parquet","partitionValues":{},"size":1254,"modificationTime":1718053531127,"dataChange":true,"stats":"{\"numRecords\":3,\"minValues\":{\"metric\":\"in_progress_requests\",\"timestamp\":\"2024-06-10 21:58:31\",\"values\":\"1\"},\"maxValues\":{\"metric\":\"request_processing_seconds_sum\",\"timestamp\":\"2024-06-10 21:58:31\",\"values\":\"2159\"},\"nullCount\":{\"metric\":0,\"timestamp\":0,\"value\":3,\"values\":0}}"}}
{"remove":{"path":"part-00000-7942e604-401b-4bb5-bbb3-a928549c540f-c000.snappy.parquet","deletionTimestamp":1718053531980,"dataChange":true,"extendedFileMetadata":true,"partitionValues":{},"size":1254}}
