{"commitInfo":{"timestamp":1718053637142,"operation":"WRITE","operationParameters":{"mode":"Overwrite","partitionBy":"[]"},"readVersion":11,"isolationLevel":"Serializable","isBlindAppend":false,"operationMetrics":{"numFiles":"1","numOutputRows":"3","numOutputBytes":"1254"},"engineInfo":"Apache-Spark/3.5.1 Delta-Lake/3.2.0","txnId":"f7b420f6-250b-4f6b-a5ae-191ab590fc7d"}}
{"add":{"path":"part-00000-b87d3c70-0293-4cbb-aa3d-91859aca06c8-c000.snappy.parquet","partitionValues":{},"size":1254,"modificationTime":1718053635205,"dataChange":true,"stats":"{\"numRecords\":3,\"minValues\":{\"metric\":\"in_progress_requests\",\"timestamp\":\"2024-06-10 21:58:31\",\"values\":\"1\"},\"maxValues\":{\"metric\":\"request_processing_seconds_sum\",\"timestamp\":\"2024-06-10 21:58:31\",\"values\":\"2159\"},\"nullCount\":{\"metric\":0,\"timestamp\":0,\"value\":3,\"values\":0}}"}}
{"remove":{"path":"part-00000-7203147b-a3b7-4b60-b00c-9d8330d4ba75-c000.snappy.parquet","deletionTimestamp":1718053637031,"dataChange":true,"extendedFileMetadata":true,"partitionValues":{},"size":1254}}
