{"commitInfo":{"timestamp":1718108514464,"operation":"WRITE","operationParameters":{"mode":"Overwrite","partitionBy":"[]"},"readVersion":28,"isolationLevel":"Serializable","isBlindAppend":false,"operationMetrics":{"numFiles":"1","numOutputRows":"3","numOutputBytes":"1213"},"engineInfo":"Apache-Spark/3.5.1 Delta-Lake/3.2.0","txnId":"3f20287e-a056-4271-a0fc-2ef4bce837ef"}}
{"add":{"path":"part-00000-89e263cc-ea61-44ad-a6de-8394d2b31af2-c000.snappy.parquet","partitionValues":{},"size":1213,"modificationTime":1718108513880,"dataChange":true,"stats":"{\"numRecords\":3,\"minValues\":{\"metric\":\"in_progress_requests\",\"timestamp\":\"2024-06-11 13:39:16\",\"values\":\"1\"},\"maxValues\":{\"metric\":\"request_processing_seconds_sum\",\"timestamp\":\"2024-06-11 13:39:17\",\"values\":\"24\"},\"nullCount\":{\"metric\":0,\"timestamp\":0,\"values\":0}}"}}
{"remove":{"path":"part-00000-0003a876-003e-4856-9606-7a85bd65bd2e-c000.snappy.parquet","deletionTimestamp":1718108514463,"dataChange":true,"extendedFileMetadata":true,"partitionValues":{},"size":1213}}
