{"commitInfo":{"timestamp":1718109924913,"operation":"WRITE","operationParameters":{"mode":"Overwrite","partitionBy":"[]"},"readVersion":32,"isolationLevel":"Serializable","isBlindAppend":false,"operationMetrics":{"numFiles":"1","numOutputRows":"6","numOutputBytes":"1322"},"engineInfo":"Apache-Spark/3.5.1 Delta-Lake/3.2.0","txnId":"950638f5-e75c-4a2f-a289-896008c0d534"}}
{"add":{"path":"part-00000-663ee1cb-55a7-405d-ad6f-c44f33bd7f50-c000.snappy.parquet","partitionValues":{},"size":1322,"modificationTime":1718109924297,"dataChange":true,"stats":"{\"numRecords\":6,\"minValues\":{\"metric\":\"in_progress_requests\",\"timestamp\":\"2024-06-11 14:41:52\",\"values\":\"1\"},\"maxValues\":{\"metric\":\"request_processing_seconds_sum\",\"timestamp\":\"2024-06-11 14:44:26\",\"values\":\"4.986052999855019\"},\"nullCount\":{\"metric\":0,\"timestamp\":0,\"values\":0}}"}}
{"remove":{"path":"part-00000-40abbd55-85f0-4707-ac07-fcc53d4b1f81-c000.snappy.parquet","deletionTimestamp":1718109924911,"dataChange":true,"extendedFileMetadata":true,"partitionValues":{},"size":1322}}
