{"commitInfo":{"timestamp":1718053141851,"operation":"WRITE","operationParameters":{"mode":"Overwrite","partitionBy":"[]"},"readVersion":4,"isolationLevel":"Serializable","isBlindAppend":false,"operationMetrics":{"numFiles":"1","numOutputRows":"3","numOutputBytes":"1254"},"engineInfo":"Apache-Spark/3.5.1 Delta-Lake/3.2.0","txnId":"b76578c4-23a8-4bd3-be39-a608b3f281c2"}}
{"add":{"path":"part-00000-dae45ea1-387b-4449-880f-0f25d4d5e923-c000.snappy.parquet","partitionValues":{},"size":1254,"modificationTime":1718053141386,"dataChange":true,"stats":"{\"numRecords\":3,\"minValues\":{\"metric\":\"in_progress_requests\",\"timestamp\":\"2024-06-10 21:58:31\",\"values\":\"1\"},\"maxValues\":{\"metric\":\"request_processing_seconds_sum\",\"timestamp\":\"2024-06-10 21:58:31\",\"values\":\"2159\"},\"nullCount\":{\"metric\":0,\"timestamp\":0,\"value\":3,\"values\":0}}"}}
{"remove":{"path":"part-00000-507ca593-0e9b-49c3-936f-db1ce657c216-c000.snappy.parquet","deletionTimestamp":1718053141849,"dataChange":true,"extendedFileMetadata":true,"partitionValues":{},"size":1254}}
