{"commitInfo":{"timestamp":1718099432559,"operation":"WRITE","operationParameters":{"mode":"Overwrite","partitionBy":"[]"},"readVersion":17,"isolationLevel":"Serializable","isBlindAppend":false,"operationMetrics":{"numFiles":"1","numOutputRows":"3","numOutputBytes":"1254"},"engineInfo":"Apache-Spark/3.5.1 Delta-Lake/3.2.0","txnId":"0f6ae1f9-c6b8-4e8a-943a-1d7b2b1f40f9"}}
{"metaData":{"id":"af225231-fa98-4e25-a720-b8a4f37357fd","format":{"provider":"parquet","options":{}},"schemaString":"{\"type\":\"struct\",\"fields\":[{\"name\":\"metric\",\"type\":\"string\",\"nullable\":true,\"metadata\":{}},{\"name\":\"timestamp\",\"type\":\"string\",\"nullable\":true,\"metadata\":{}},{\"name\":\"values\",\"type\":\"string\",\"nullable\":true,\"metadata\":{}}]}","partitionColumns":[],"configuration":{},"createdTime":1718049697241}}
{"add":{"path":"part-00000-53363953-94b4-4ee3-8d3e-5d4f571e75c8-c000.snappy.parquet","partitionValues":{},"size":1254,"modificationTime":1718099426133,"dataChange":true,"stats":"{\"numRecords\":3,\"minValues\":{\"metric\":\"in_progress_requests\",\"timestamp\":\"2024-06-10 21:58:31\",\"values\":\"1\"},\"maxValues\":{\"metric\":\"request_processing_seconds_sum\",\"timestamp\":\"2024-06-10 21:58:31\",\"values\":\"2159\"},\"nullCount\":{\"metric\":0,\"timestamp\":0,\"values\":0}}"}}
{"remove":{"path":"part-00000-c61064c3-0030-4148-b6be-a024fc25302e-c000.snappy.parquet","deletionTimestamp":1718099430048,"dataChange":true,"extendedFileMetadata":true,"partitionValues":{},"size":1254}}
