{"commitInfo":{"timestamp":1718053260262,"operation":"WRITE","operationParameters":{"mode":"Overwrite","partitionBy":"[]"},"readVersion":5,"isolationLevel":"Serializable","isBlindAppend":false,"operationMetrics":{"numFiles":"1","numOutputRows":"3","numOutputBytes":"1254"},"engineInfo":"Apache-Spark/3.5.1 Delta-Lake/3.2.0","txnId":"549a7e28-9aaf-4d25-ae7e-8c512a7c0c6f"}}
{"add":{"path":"part-00000-dc3516fd-c673-43f2-83db-01be19e65851-c000.snappy.parquet","partitionValues":{},"size":1254,"modificationTime":1718053258494,"dataChange":true,"stats":"{\"numRecords\":3,\"minValues\":{\"metric\":\"in_progress_requests\",\"timestamp\":\"2024-06-10 21:58:31\",\"values\":\"1\"},\"maxValues\":{\"metric\":\"request_processing_seconds_sum\",\"timestamp\":\"2024-06-10 21:58:31\",\"values\":\"2159\"},\"nullCount\":{\"metric\":0,\"timestamp\":0,\"value\":3,\"values\":0}}"}}
{"remove":{"path":"part-00000-dae45ea1-387b-4449-880f-0f25d4d5e923-c000.snappy.parquet","deletionTimestamp":1718053260220,"dataChange":true,"extendedFileMetadata":true,"partitionValues":{},"size":1254}}
