{"commitInfo":{"timestamp":1718108456199,"operation":"WRITE","operationParameters":{"mode":"Overwrite","partitionBy":"[]"},"readVersion":26,"isolationLevel":"Serializable","isBlindAppend":false,"operationMetrics":{"numFiles":"1","numOutputRows":"3","numOutputBytes":"1213"},"engineInfo":"Apache-Spark/3.5.1 Delta-Lake/3.2.0","txnId":"2df8a4bf-cd5e-4d20-80cf-46ffd2d0eccc"}}
{"add":{"path":"part-00000-0a6958ac-7da3-4f43-a71f-b35446436f4e-c000.snappy.parquet","partitionValues":{},"size":1213,"modificationTime":1718108454909,"dataChange":true,"stats":"{\"numRecords\":3,\"minValues\":{\"metric\":\"in_progress_requests\",\"timestamp\":\"2024-06-11 13:39:16\",\"values\":\"1\"},\"maxValues\":{\"metric\":\"request_processing_seconds_sum\",\"timestamp\":\"2024-06-11 13:39:17\",\"values\":\"24\"},\"nullCount\":{\"metric\":0,\"timestamp\":0,\"values\":0}}"}}
{"remove":{"path":"part-00000-41a0d749-2bdf-437f-9487-04b259b8a6e7-c000.snappy.parquet","deletionTimestamp":1718108456195,"dataChange":true,"extendedFileMetadata":true,"partitionValues":{},"size":1213}}
{"remove":{"path":"part-00000-8ac54c29-b71c-42d3-b33c-93d12e8b0a2b-c000.snappy.parquet","deletionTimestamp":1718108456196,"dataChange":true,"extendedFileMetadata":true,"partitionValues":{},"size":1213}}
