{"commitInfo":{"timestamp":1718052825855,"operation":"WRITE","operationParameters":{"mode":"Overwrite","partitionBy":"[]"},"readVersion":2,"isolationLevel":"Serializable","isBlindAppend":false,"operationMetrics":{"numFiles":"1","numOutputRows":"3","numOutputBytes":"1251"},"engineInfo":"Apache-Spark/3.5.1 Delta-Lake/3.2.0","txnId":"458cb938-306a-4272-b903-98498e678c65"}}
{"add":{"path":"part-00000-6ac4fe29-5c0b-4cd9-b996-560cfb53c2b7-c000.snappy.parquet","partitionValues":{},"size":1251,"modificationTime":1718052824383,"dataChange":true,"stats":"{\"numRecords\":3,\"minValues\":{\"metric\":\"in_progress_requests\",\"timestamp\":\"2024-06-10 21:58:31\",\"value\":\"1\"},\"maxValues\":{\"metric\":\"request_processing_seconds_sum\",\"timestamp\":\"2024-06-10 21:58:31\",\"value\":\"2159\"},\"nullCount\":{\"metric\":0,\"timestamp\":0,\"value\":0}}"}}
{"remove":{"path":"part-00000-a4cd1292-f908-40a1-b8fd-b89960a74f55-c000.snappy.parquet","deletionTimestamp":1718052825816,"dataChange":true,"extendedFileMetadata":true,"partitionValues":{},"size":1251}}
