{"commitInfo":{"timestamp":1718110929398,"operation":"WRITE","operationParameters":{"mode":"Overwrite","partitionBy":"[]"},"readVersion":34,"isolationLevel":"Serializable","isBlindAppend":false,"operationMetrics":{"numFiles":"1","numOutputRows":"9","numOutputBytes":"1362"},"engineInfo":"Apache-Spark/3.5.1 Delta-Lake/3.2.0","txnId":"0eeabb1c-5b26-4de9-84e7-98159eafe006"}}
{"add":{"path":"part-00000-e3f560d8-1e47-4891-966c-d1520d7cebbc-c000.snappy.parquet","partitionValues":{},"size":1362,"modificationTime":1718110928733,"dataChange":true,"stats":"{\"numRecords\":9,\"minValues\":{\"metric\":\"in_progress_requests\",\"timestamp\":\"2024-06-11 14:41:52\",\"values\":\"1\"},\"maxValues\":{\"metric\":\"request_processing_seconds_sum\",\"timestamp\":\"2024-06-11 14:57:47\",\"values\":\"8\"},\"nullCount\":{\"metric\":0,\"timestamp\":0,\"values\":0}}"}}
{"remove":{"path":"part-00000-d99b8a81-6ef2-481f-9d2c-96cb168c0a03-c000.snappy.parquet","deletionTimestamp":1718110929397,"dataChange":true,"extendedFileMetadata":true,"partitionValues":{},"size":1362}}
