{"commitInfo":{"timestamp":1718052594943,"operation":"WRITE","operationParameters":{"mode":"Overwrite","partitionBy":"[]"},"readVersion":1,"isolationLevel":"Serializable","isBlindAppend":false,"operationMetrics":{"numFiles":"1","numOutputRows":"3","numOutputBytes":"1251"},"engineInfo":"Apache-Spark/3.5.1 Delta-Lake/3.2.0","txnId":"2a953f6c-5a42-4522-b8cd-2f15dfbb9f55"}}
{"add":{"path":"part-00000-a4cd1292-f908-40a1-b8fd-b89960a74f55-c000.snappy.parquet","partitionValues":{},"size":1251,"modificationTime":1718052593546,"dataChange":true,"stats":"{\"numRecords\":3,\"minValues\":{\"metric\":\"in_progress_requests\",\"timestamp\":\"2024-06-10 21:58:31\",\"value\":\"1\"},\"maxValues\":{\"metric\":\"request_processing_seconds_sum\",\"timestamp\":\"2024-06-10 21:58:31\",\"value\":\"2159\"},\"nullCount\":{\"metric\":0,\"timestamp\":0,\"value\":0}}"}}
{"remove":{"path":"part-00000-8250e1af-ce1b-4c43-8b03-252a467c8d32-c000.snappy.parquet","deletionTimestamp":1718052594892,"dataChange":true,"extendedFileMetadata":true,"partitionValues":{},"size":1251}}
