{"commitInfo":{"timestamp":1718108508130,"operation":"WRITE","operationParameters":{"mode":"Overwrite","partitionBy":"[]"},"readVersion":27,"isolationLevel":"Serializable","isBlindAppend":false,"operationMetrics":{"numFiles":"1","numOutputRows":"3","numOutputBytes":"1213"},"engineInfo":"Apache-Spark/3.5.1 Delta-Lake/3.2.0","txnId":"85c3cf9d-010b-42b1-a137-36fa66760e5a"}}
{"add":{"path":"part-00000-0003a876-003e-4856-9606-7a85bd65bd2e-c000.snappy.parquet","partitionValues":{},"size":1213,"modificationTime":1718108506432,"dataChange":true,"stats":"{\"numRecords\":3,\"minValues\":{\"metric\":\"in_progress_requests\",\"timestamp\":\"2024-06-11 13:39:16\",\"values\":\"1\"},\"maxValues\":{\"metric\":\"request_processing_seconds_sum\",\"timestamp\":\"2024-06-11 13:39:17\",\"values\":\"24\"},\"nullCount\":{\"metric\":0,\"timestamp\":0,\"values\":0}}"}}
{"remove":{"path":"part-00000-0a6958ac-7da3-4f43-a71f-b35446436f4e-c000.snappy.parquet","deletionTimestamp":1718108508078,"dataChange":true,"extendedFileMetadata":true,"partitionValues":{},"size":1213}}
