{"commitInfo":{"timestamp":1718053823492,"operation":"WRITE","operationParameters":{"mode":"Overwrite","partitionBy":"[]"},"readVersion":13,"isolationLevel":"Serializable","isBlindAppend":false,"operationMetrics":{"numFiles":"1","numOutputRows":"3","numOutputBytes":"1254"},"engineInfo":"Apache-Spark/3.5.1 Delta-Lake/3.2.0","txnId":"dfb72070-39b6-48f8-baf2-17ef9e1991bd"}}
{"add":{"path":"part-00000-3d736bfe-aa28-4516-973c-ac6f9abd3d90-c000.snappy.parquet","partitionValues":{},"size":1254,"modificationTime":1718053822195,"dataChange":true,"stats":"{\"numRecords\":3,\"minValues\":{\"metric\":\"in_progress_requests\",\"timestamp\":\"2024-06-10 21:58:31\",\"values\":\"1\"},\"maxValues\":{\"metric\":\"request_processing_seconds_sum\",\"timestamp\":\"2024-06-10 21:58:31\",\"values\":\"2159\"},\"nullCount\":{\"metric\":0,\"timestamp\":0,\"value\":3,\"values\":0}}"}}
{"remove":{"path":"part-00000-19c46265-8463-4e11-8966-dadb896f10e4-c000.snappy.parquet","deletionTimestamp":1718053823454,"dataChange":true,"extendedFileMetadata":true,"partitionValues":{},"size":1254}}
