{"commitInfo":{"timestamp":1718098986010,"operation":"WRITE","operationParameters":{"mode":"Overwrite","partitionBy":"[]"},"readVersion":15,"isolationLevel":"Serializable","isBlindAppend":false,"operationMetrics":{"numFiles":"1","numOutputRows":"3","numOutputBytes":"1254"},"engineInfo":"Apache-Spark/3.5.1 Delta-Lake/3.2.0","txnId":"9df236c7-6d7f-47b0-9e2b-242a08c589b4"}}
{"add":{"path":"part-00000-54889a0c-d597-43eb-abb1-074e9873a94a-c000.snappy.parquet","partitionValues":{},"size":1254,"modificationTime":1718098984170,"dataChange":true,"stats":"{\"numRecords\":3,\"minValues\":{\"metric\":\"in_progress_requests\",\"timestamp\":\"2024-06-10 21:58:31\",\"values\":\"1\"},\"maxValues\":{\"metric\":\"request_processing_seconds_sum\",\"timestamp\":\"2024-06-10 21:58:31\",\"values\":\"2159\"},\"nullCount\":{\"metric\":0,\"timestamp\":0,\"value\":3,\"values\":0}}"}}
{"remove":{"path":"part-00000-ba796af5-b28d-4b09-9334-2d96282eadc0-c000.snappy.parquet","deletionTimestamp":1718098985930,"dataChange":true,"extendedFileMetadata":true,"partitionValues":{},"size":1254}}
