{"commitInfo":{"timestamp":1718108358554,"operation":"WRITE","operationParameters":{"mode":"Overwrite","partitionBy":"[]"},"readVersion":24,"isolationLevel":"Serializable","isBlindAppend":false,"operationMetrics":{"numFiles":"1","numOutputRows":"3","numOutputBytes":"1213"},"engineInfo":"Apache-Spark/3.5.1 Delta-Lake/3.2.0","txnId":"02f85db2-663b-426f-846e-1c640dd88ec8"}}
{"add":{"path":"part-00000-8ac54c29-b71c-42d3-b33c-93d12e8b0a2b-c000.snappy.parquet","partitionValues":{},"size":1213,"modificationTime":1718108356806,"dataChange":true,"stats":"{\"numRecords\":3,\"minValues\":{\"metric\":\"in_progress_requests\",\"timestamp\":\"2024-06-11 13:39:16\",\"values\":\"1\"},\"maxValues\":{\"metric\":\"request_processing_seconds_sum\",\"timestamp\":\"2024-06-11 13:39:17\",\"values\":\"24\"},\"nullCount\":{\"metric\":0,\"timestamp\":0,\"values\":0}}"}}
{"remove":{"path":"part-00000-b4fff12f-e7f8-4686-ba10-760bc435cc00-c000.snappy.parquet","deletionTimestamp":1718108358552,"dataChange":true,"extendedFileMetadata":true,"partitionValues":{},"size":1213}}
{"remove":{"path":"part-00000-ad76de72-e899-4bca-8273-22f8c1db849e-c000.snappy.parquet","deletionTimestamp":1718108358553,"dataChange":true,"extendedFileMetadata":true,"partitionValues":{},"size":1213}}
