{"commitInfo":{"timestamp":1718108444445,"operation":"WRITE","operationParameters":{"mode":"Append","partitionBy":"[]"},"readVersion":25,"isolationLevel":"Serializable","isBlindAppend":true,"operationMetrics":{"numFiles":"1","numOutputRows":"3","numOutputBytes":"1213"},"engineInfo":"Apache-Spark/3.5.1 Delta-Lake/3.2.0","txnId":"ce6fd3a0-ad01-460f-a9c9-830abfae04fc"}}
{"add":{"path":"part-00000-41a0d749-2bdf-437f-9487-04b259b8a6e7-c000.snappy.parquet","partitionValues":{},"size":1213,"modificationTime":1718108444300,"dataChange":true,"stats":"{\"numRecords\":3,\"minValues\":{\"metric\":\"in_progress_requests\",\"timestamp\":\"2024-06-11 13:39:16\",\"values\":\"1\"},\"maxValues\":{\"metric\":\"request_processing_seconds_sum\",\"timestamp\":\"2024-06-11 13:39:17\",\"values\":\"24\"},\"nullCount\":{\"metric\":0,\"timestamp\":0,\"values\":0}}"}}
