{"commitInfo":{"timestamp":1718053356941,"operation":"WRITE","operationParameters":{"mode":"Overwrite","partitionBy":"[]"},"readVersion":8,"isolationLevel":"Serializable","isBlindAppend":false,"operationMetrics":{"numFiles":"1","numOutputRows":"3","numOutputBytes":"1254"},"engineInfo":"Apache-Spark/3.5.1 Delta-Lake/3.2.0","txnId":"f2865a82-fc74-4117-9212-e5a68f529e01"}}
{"add":{"path":"part-00000-84b00713-bee5-435e-a3eb-da287f2328d2-c000.snappy.parquet","partitionValues":{},"size":1254,"modificationTime":1718053356432,"dataChange":true,"stats":"{\"numRecords\":3,\"minValues\":{\"metric\":\"in_progress_requests\",\"timestamp\":\"2024-06-10 21:58:31\",\"values\":\"1\"},\"maxValues\":{\"metric\":\"request_processing_seconds_sum\",\"timestamp\":\"2024-06-10 21:58:31\",\"values\":\"2159\"},\"nullCount\":{\"metric\":0,\"timestamp\":0,\"value\":3,\"values\":0}}"}}
{"remove":{"path":"part-00000-d8cbf20e-920b-40d1-8f38-c07f51a898cc-c000.snappy.parquet","deletionTimestamp":1718053356939,"dataChange":true,"extendedFileMetadata":true,"partitionValues":{},"size":1254}}
