{"commitInfo":{"timestamp":1718049702168,"operation":"WRITE","operationParameters":{"mode":"Overwrite","partitionBy":"[]"},"isolationLevel":"Serializable","isBlindAppend":false,"operationMetrics":{"numFiles":"1","numOutputRows":"3","numOutputBytes":"1251"},"engineInfo":"Apache-Spark/3.5.1 Delta-Lake/3.2.0","txnId":"dbffd8e8-e648-4ef0-b754-bf42063f1f1c"}}
{"metaData":{"id":"af225231-fa98-4e25-a720-b8a4f37357fd","format":{"provider":"parquet","options":{}},"schemaString":"{\"type\":\"struct\",\"fields\":[{\"name\":\"metric\",\"type\":\"string\",\"nullable\":true,\"metadata\":{}},{\"name\":\"timestamp\",\"type\":\"string\",\"nullable\":true,\"metadata\":{}},{\"name\":\"value\",\"type\":\"string\",\"nullable\":true,\"metadata\":{}}]}","partitionColumns":[],"configuration":{},"createdTime":1718049697241}}
{"protocol":{"minReaderVersion":1,"minWriterVersion":2}}
{"add":{"path":"part-00000-cca6bdd5-08ac-4ca0-bff5-d293ec412612-c000.snappy.parquet","partitionValues":{},"size":1251,"modificationTime":1718049699367,"dataChange":true,"stats":"{\"numRecords\":3,\"minValues\":{\"metric\":\"in_progress_requests\",\"timestamp\":\"2024-06-10 21:58:31\",\"value\":\"1\"},\"maxValues\":{\"metric\":\"request_processing_seconds_sum\",\"timestamp\":\"2024-06-10 21:58:31\",\"value\":\"2159\"},\"nullCount\":{\"metric\":0,\"timestamp\":0,\"value\":0}}"}}
