{"commitInfo":{"timestamp":1718109002543,"operation":"WRITE","operationParameters":{"mode":"Overwrite","partitionBy":"[]"},"readVersion":30,"isolationLevel":"Serializable","isBlindAppend":false,"operationMetrics":{"numFiles":"1","numOutputRows":"9","numOutputBytes":"1330"},"engineInfo":"Apache-Spark/3.5.1 Delta-Lake/3.2.0","txnId":"d69fdb45-f33a-47df-83a5-6dc17ec8837f"}}
{"add":{"path":"part-00000-c06a8c8c-b8e1-43c1-9a3d-aa7b42023040-c000.snappy.parquet","partitionValues":{},"size":1330,"modificationTime":1718109002040,"dataChange":true,"stats":"{\"numRecords\":9,\"minValues\":{\"metric\":\"in_progress_requests\",\"timestamp\":\"2024-06-11 14:27:46\",\"values\":\"1\"},\"maxValues\":{\"metric\":\"request_processing_seconds_sum\",\"timestamp\":\"2024-06-11 14:29:17\",\"values\":\"67\"},\"nullCount\":{\"metric\":0,\"timestamp\":0,\"values\":0}}"}}
{"remove":{"path":"part-00000-be83dd9a-bfc7-4062-8e19-3bdd2706c7f8-c000.snappy.parquet","deletionTimestamp":1718109002542,"dataChange":true,"extendedFileMetadata":true,"partitionValues":{},"size":1330}}
