{"commitInfo":{"timestamp":1718052021653,"operation":"WRITE","operationParameters":{"mode":"Overwrite","partitionBy":"[]"},"readVersion":0,"isolationLevel":"Serializable","isBlindAppend":false,"operationMetrics":{"numFiles":"1","numOutputRows":"3","numOutputBytes":"1251"},"engineInfo":"Apache-Spark/3.5.1 Delta-Lake/3.2.0","txnId":"45a47d34-3563-444d-8991-6813d2df6001"}}
{"add":{"path":"part-00000-8250e1af-ce1b-4c43-8b03-252a467c8d32-c000.snappy.parquet","partitionValues":{},"size":1251,"modificationTime":1718052019247,"dataChange":true,"stats":"{\"numRecords\":3,\"minValues\":{\"metric\":\"in_progress_requests\",\"timestamp\":\"2024-06-10 21:58:31\",\"value\":\"1\"},\"maxValues\":{\"metric\":\"request_processing_seconds_sum\",\"timestamp\":\"2024-06-10 21:58:31\",\"value\":\"2159\"},\"nullCount\":{\"metric\":0,\"timestamp\":0,\"value\":0}}"}}
{"remove":{"path":"part-00000-cca6bdd5-08ac-4ca0-bff5-d293ec412612-c000.snappy.parquet","deletionTimestamp":1718052021573,"dataChange":true,"extendedFileMetadata":true,"partitionValues":{},"size":1251}}
