{"commitInfo":{"timestamp":1718105993971,"operation":"WRITE","operationParameters":{"mode":"Overwrite","partitionBy":"[]"},"readVersion":22,"isolationLevel":"Serializable","isBlindAppend":false,"operationMetrics":{"numFiles":"1","numOutputRows":"3","numOutputBytes":"1213"},"engineInfo":"Apache-Spark/3.5.1 Delta-Lake/3.2.0","txnId":"e30ff644-815d-4672-a4a6-87e3cd851858"}}
{"add":{"path":"part-00000-ad76de72-e899-4bca-8273-22f8c1db849e-c000.snappy.parquet","partitionValues":{},"size":1213,"modificationTime":1718105993368,"dataChange":true,"stats":"{\"numRecords\":3,\"minValues\":{\"metric\":\"in_progress_requests\",\"timestamp\":\"2024-06-11 13:39:16\",\"values\":\"1\"},\"maxValues\":{\"metric\":\"request_processing_seconds_sum\",\"timestamp\":\"2024-06-11 13:39:17\",\"values\":\"24\"},\"nullCount\":{\"metric\":0,\"timestamp\":0,\"values\":0}}"}}
{"remove":{"path":"part-00000-c7a757a7-bde8-49b8-b31f-cd0fe73520e1-c000.snappy.parquet","deletionTimestamp":1718105993969,"dataChange":true,"extendedFileMetadata":true,"partitionValues":{},"size":1213}}
