{"commitInfo":{"timestamp":1718105987782,"operation":"WRITE","operationParameters":{"mode":"Overwrite","partitionBy":"[]"},"readVersion":21,"isolationLevel":"Serializable","isBlindAppend":false,"operationMetrics":{"numFiles":"1","numOutputRows":"3","numOutputBytes":"1213"},"engineInfo":"Apache-Spark/3.5.1 Delta-Lake/3.2.0","txnId":"3a4de7e1-3292-417f-be24-44460403b3f5"}}
{"add":{"path":"part-00000-c7a757a7-bde8-49b8-b31f-cd0fe73520e1-c000.snappy.parquet","partitionValues":{},"size":1213,"modificationTime":1718105986172,"dataChange":true,"stats":"{\"numRecords\":3,\"minValues\":{\"metric\":\"in_progress_requests\",\"timestamp\":\"2024-06-11 13:39:16\",\"values\":\"1\"},\"maxValues\":{\"metric\":\"request_processing_seconds_sum\",\"timestamp\":\"2024-06-11 13:39:17\",\"values\":\"24\"},\"nullCount\":{\"metric\":0,\"timestamp\":0,\"values\":0}}"}}
{"remove":{"path":"part-00000-ce7f857d-e915-4fb4-b41c-fdbbf3479487-c000.snappy.parquet","deletionTimestamp":1718105987691,"dataChange":true,"extendedFileMetadata":true,"partitionValues":{},"size":1254}}
