{"commitInfo":{"timestamp":1718053643690,"operation":"WRITE","operationParameters":{"mode":"Overwrite","partitionBy":"[]"},"readVersion":12,"isolationLevel":"Serializable","isBlindAppend":false,"operationMetrics":{"numFiles":"1","numOutputRows":"3","numOutputBytes":"1254"},"engineInfo":"Apache-Spark/3.5.1 Delta-Lake/3.2.0","txnId":"9f9d3096-2b5c-49e4-bf27-a1706dccd4c6"}}
{"add":{"path":"part-00000-19c46265-8463-4e11-8966-dadb896f10e4-c000.snappy.parquet","partitionValues":{},"size":1254,"modificationTime":1718053643095,"dataChange":true,"stats":"{\"numRecords\":3,\"minValues\":{\"metric\":\"in_progress_requests\",\"timestamp\":\"2024-06-10 21:58:31\",\"values\":\"1\"},\"maxValues\":{\"metric\":\"request_processing_seconds_sum\",\"timestamp\":\"2024-06-10 21:58:31\",\"values\":\"2159\"},\"nullCount\":{\"metric\":0,\"timestamp\":0,\"value\":3,\"values\":0}}"}}
{"remove":{"path":"part-00000-b87d3c70-0293-4cbb-aa3d-91859aca06c8-c000.snappy.parquet","deletionTimestamp":1718053643689,"dataChange":true,"extendedFileMetadata":true,"partitionValues":{},"size":1254}}
