{"commitInfo":{"timestamp":1718099564368,"operation":"WRITE","operationParameters":{"mode":"Overwrite","partitionBy":"[]"},"readVersion":20,"isolationLevel":"Serializable","isBlindAppend":false,"operationMetrics":{"numFiles":"1","numOutputRows":"3","numOutputBytes":"1254"},"engineInfo":"Apache-Spark/3.5.1 Delta-Lake/3.2.0","txnId":"cff67f29-85ed-4155-beb5-3a42a7c72898"}}
{"add":{"path":"part-00000-ce7f857d-e915-4fb4-b41c-fdbbf3479487-c000.snappy.parquet","partitionValues":{},"size":1254,"modificationTime":1718099563874,"dataChange":true,"stats":"{\"numRecords\":3,\"minValues\":{\"metric\":\"in_progress_requests\",\"timestamp\":\"2024-06-10 21:58:31\",\"values\":\"1\"},\"maxValues\":{\"metric\":\"request_processing_seconds_sum\",\"timestamp\":\"2024-06-10 21:58:31\",\"values\":\"2159\"},\"nullCount\":{\"metric\":0,\"timestamp\":0,\"values\":0}}"}}
{"remove":{"path":"part-00000-ba7285aa-a189-4a0c-b759-dc0592efc89b-c000.snappy.parquet","deletionTimestamp":1718099564368,"dataChange":true,"extendedFileMetadata":true,"partitionValues":{},"size":1254}}
