{"commitInfo":{"timestamp":1718108991684,"operation":"WRITE","operationParameters":{"mode":"Overwrite","partitionBy":"[]"},"readVersion":29,"isolationLevel":"Serializable","isBlindAppend":false,"operationMetrics":{"numFiles":"1","numOutputRows":"9","numOutputBytes":"1330"},"engineInfo":"Apache-Spark/3.5.1 Delta-Lake/3.2.0","txnId":"ed43ab6d-e39f-4166-8e90-41378ba7c1e4"}}
{"add":{"path":"part-00000-be83dd9a-bfc7-4062-8e19-3bdd2706c7f8-c000.snappy.parquet","partitionValues":{},"size":1330,"modificationTime":1718108990327,"dataChange":true,"stats":"{\"numRecords\":9,\"minValues\":{\"metric\":\"in_progress_requests\",\"timestamp\":\"2024-06-11 14:27:46\",\"values\":\"1\"},\"maxValues\":{\"metric\":\"request_processing_seconds_sum\",\"timestamp\":\"2024-06-11 14:29:17\",\"values\":\"67\"},\"nullCount\":{\"metric\":0,\"timestamp\":0,\"values\":0}}"}}
{"remove":{"path":"part-00000-89e263cc-ea61-44ad-a6de-8394d2b31af2-c000.snappy.parquet","deletionTimestamp":1718108991638,"dataChange":true,"extendedFileMetadata":true,"partitionValues":{},"size":1213}}
