{"commitInfo":{"timestamp":1718108341296,"operation":"WRITE","operationParameters":{"mode":"Append","partitionBy":"[]"},"readVersion":23,"isolationLevel":"Serializable","isBlindAppend":true,"operationMetrics":{"numFiles":"1","numOutputRows":"3","numOutputBytes":"1213"},"engineInfo":"Apache-Spark/3.5.1 Delta-Lake/3.2.0","txnId":"73ae838a-cfa7-4315-9a53-096c2efc4a7d"}}
{"add":{"path":"part-00000-b4fff12f-e7f8-4686-ba10-760bc435cc00-c000.snappy.parquet","partitionValues":{},"size":1213,"modificationTime":1718108341142,"dataChange":true,"stats":"{\"numRecords\":3,\"minValues\":{\"metric\":\"in_progress_requests\",\"timestamp\":\"2024-06-11 13:39:16\",\"values\":\"1\"},\"maxValues\":{\"metric\":\"request_processing_seconds_sum\",\"timestamp\":\"2024-06-11 13:39:17\",\"values\":\"24\"},\"nullCount\":{\"metric\":0,\"timestamp\":0,\"values\":0}}"}}
