{"commitInfo":{"timestamp":1718099552483,"operation":"WRITE","operationParameters":{"mode":"Overwrite","partitionBy":"[]"},"readVersion":19,"isolationLevel":"Serializable","isBlindAppend":false,"operationMetrics":{"numFiles":"1","numOutputRows":"3","numOutputBytes":"1254"},"engineInfo":"Apache-Spark/3.5.1 Delta-Lake/3.2.0","txnId":"6a07b21a-b366-4708-82c3-092ec5f54758"}}
{"add":{"path":"part-00000-ba7285aa-a189-4a0c-b759-dc0592efc89b-c000.snappy.parquet","partitionValues":{},"size":1254,"modificationTime":1718099551102,"dataChange":true,"stats":"{\"numRecords\":3,\"minValues\":{\"metric\":\"in_progress_requests\",\"timestamp\":\"2024-06-10 21:58:31\",\"values\":\"1\"},\"maxValues\":{\"metric\":\"request_processing_seconds_sum\",\"timestamp\":\"2024-06-10 21:58:31\",\"values\":\"2159\"},\"nullCount\":{\"metric\":0,\"timestamp\":0,\"values\":0}}"}}
{"remove":{"path":"part-00000-aadd8d2c-2111-4ad2-9d5c-3a6ebd197888-c000.snappy.parquet","deletionTimestamp":1718099552438,"dataChange":true,"extendedFileMetadata":true,"partitionValues":{},"size":1254}}
