{"commitInfo":{"timestamp":1718053266926,"operation":"WRITE","operationParameters":{"mode":"Overwrite","partitionBy":"[]"},"readVersion":6,"isolationLevel":"Serializable","isBlindAppend":false,"operationMetrics":{"numFiles":"1","numOutputRows":"3","numOutputBytes":"1254"},"engineInfo":"Apache-Spark/3.5.1 Delta-Lake/3.2.0","txnId":"d99ddd97-082c-4f82-906d-98b88183f31e"}}
{"add":{"path":"part-00000-af859091-cd01-4499-8ff8-987d13c0e2e4-c000.snappy.parquet","partitionValues":{},"size":1254,"modificationTime":1718053266218,"dataChange":true,"stats":"{\"numRecords\":3,\"minValues\":{\"metric\":\"in_progress_requests\",\"timestamp\":\"2024-06-10 21:58:31\",\"values\":\"1\"},\"maxValues\":{\"metric\":\"request_processing_seconds_sum\",\"timestamp\":\"2024-06-10 21:58:31\",\"values\":\"2159\"},\"nullCount\":{\"metric\":0,\"timestamp\":0,\"value\":3,\"values\":0}}"}}
{"remove":{"path":"part-00000-dc3516fd-c673-43f2-83db-01be19e65851-c000.snappy.parquet","deletionTimestamp":1718053266925,"dataChange":true,"extendedFileMetadata":true,"partitionValues":{},"size":1254}}
